observed_at,camera_code,camera_name,district,lat,lon,plate,valid_format,usable,repaired,confidence,reads,agreeing_reads,plate_width_px,char_height_px,vehicle_class,capability_grade,epoch,pts_ms,model,source
2026-09-27T04:00:06.358404+00:00,cam04,04 Paldi Circle,,,,L333,False,False,False,0.763,8,1,40.0,3.5,car,OBSERVE,0,18680.0,rf-detr-small-512-coco + yolo-v9-s-608-license-plate-end2end + cct-xs-v2-global-model,anpr.worker
2026-09-27T04:00:17.958404+00:00,cam04,04 Paldi Circle,,,,5,False,False,False,1.0,1,1,29.0,4.5,motorcycle,OBSERVE,0,30280.0,rf-detr-small-512-coco + yolo-v9-s-608-license-plate-end2end + cct-xs-v2-global-model,anpr.worker
2026-09-27T04:00:24.798404+00:00,cam04,04 Paldi Circle,,,,44,False,False,False,0.657,7,1,43.0,6.5,car,OBSERVE,0,37120.0,rf-detr-small-512-coco + yolo-v9-s-608-license-plate-end2end + cct-xs-v2-global-model,anpr.worker
2026-09-27T04:06:46.121550+00:00,cam16,16 Visat P2,,,,RTT00,False,False,False,0.8,2,0,131.0,4.5,car,OBSERVE,0,10003.0,rf-detr-small-512-coco + yolo-v9-s-608-license-plate-end2end + cct-xs-v2-global-model,anpr.worker
2026-09-27T04:06:49.322550+00:00,cam16,16 Visat P2,,,,20226,False,False,False,1.0,1,1,138.0,118.5,car,OBSERVE,0,13204.0,rf-detr-small-512-coco + yolo-v9-s-608-license-plate-end2end + cct-xs-v2-global-model,anpr.worker
2026-09-27T04:07:03.326550+00:00,cam16,16 Visat P2,,,,L,False,False,False,1.0,1,1,21.0,5.5,car,OBSERVE,0,27208.0,rf-detr-small-512-coco + yolo-v9-s-608-license-plate-end2end + cct-xs-v2-global-model,anpr.worker
2026-09-27T04:07:28.932550+00:00,cam16,16 Visat P2,,,,100TD,False,False,False,1.0,1,1,144.0,21.0,car,OBSERVE,0,52814.0,rf-detr-small-512-coco + yolo-v9-s-608-license-plate-end2end + cct-xs-v2-global-model,anpr.worker
2026-09-27T04:07:36.534550+00:00,cam16,16 Visat P2,,,,S370,False,False,False,1.0,1,1,64.0,15.0,car,OBSERVE,0,60416.0,rf-detr-small-512-coco + yolo-v9-s-608-license-plate-end2end + cct-xs-v2-global-model,anpr.worker
2026-09-27T04:14:50.739146+00:00,cam08,08 majewadi-gate-junagadh,,,,H42111,False,False,False,0.741,8,0,43.0,6.0,bus,OBSERVE,0,4040.0,rf-detr-small-512-coco + yolo-v9-s-608-license-plate-end2end + cct-xs-v2-global-model,anpr.worker
2026-09-27T04:14:52.739146+00:00,cam08,08 majewadi-gate-junagadh,,,,EE111,False,False,False,0.443,19,0,40.0,5.5,bus,OBSERVE,0,6040.0,rf-detr-small-512-coco + yolo-v9-s-608-license-plate-end2end + cct-xs-v2-global-model,anpr.worker
2026-09-27T04:14:55.339146+00:00,cam08,08 majewadi-gate-junagadh,,,,134411,False,False,False,1.0,2,1,59.0,14.0,bus,OBSERVE,0,8640.0,rf-detr-small-512-coco + yolo-v9-s-608-license-plate-end2end + cct-xs-v2-global-model,anpr.worker
2026-09-27T04:16:55.573232+00:00,cam06,06 Timbavadi gate-Junagadh,,,,GJ32BZ702,True,False,True,1.0,1,1,140.0,19.5,car,RECOGNISE,0,1240.0,rf-detr-small-512-coco + yolo-v9-s-608-license-plate-end2end + cct-xs-v2-global-model,anpr.worker
2026-09-27T04:16:55.773232+00:00,cam06,06 Timbavadi gate-Junagadh,,,,MK4110,False,False,False,0.46,9,0,48.0,7.0,motorcycle,RECOGNISE,0,1440.0,rf-detr-small-512-coco + yolo-v9-s-608-license-plate-end2end + cct-xs-v2-global-model,anpr.worker
2026-09-27T04:16:55.973232+00:00,cam06,06 Timbavadi gate-Junagadh,,,,1ET3337,False,False,False,1.0,1,1,46.0,8.0,car,RECOGNISE,0,1640.0,rf-detr-small-512-coco + yolo-v9-s-608-license-plate-end2end + cct-xs-v2-global-model,anpr.worker
2026-09-27T04:16:56.973232+00:00,cam06,06 Timbavadi gate-Junagadh,,,,4AX91111,False,False,False,0.749,6,0,53.0,18.5,motorcycle,RECOGNISE,0,2640.0,rf-detr-small-512-coco + yolo-v9-s-608-license-plate-end2end + cct-xs-v2-global-model,anpr.worker
2026-09-27T04:16:59.413232+00:00,cam06,06 Timbavadi gate-Junagadh,,,,GJ11GI38,True,True,True,0.956,2,2,81.0,10.0,car,RECOGNISE,0,5080.0,rf-detr-small-512-coco + yolo-v9-s-608-license-plate-end2end + cct-xs-v2-global-model,anpr.worker
2026-09-27T04:17:04.613232+00:00,cam06,06 Timbavadi gate-Junagadh,,,,M7C6H49,False,False,False,0.405,8,0,59.0,5.5,motorcycle,RECOGNISE,0,10280.0,rf-detr-small-512-coco + yolo-v9-s-608-license-plate-end2end + cct-xs-v2-global-model,anpr.worker
2026-09-27T04:17:05.013232+00:00,cam06,06 Timbavadi gate-Junagadh,,,,AMWN111,False,False,False,0.506,9,0,75.0,3.5,motorcycle,RECOGNISE,0,10680.0,rf-detr-small-512-coco + yolo-v9-s-608-license-plate-end2end + cct-xs-v2-global-model,anpr.worker
2026-09-27T04:17:08.533232+00:00,cam06,06 Timbavadi gate-Junagadh,,,,GJ11S9258,True,True,True,0.909,2,2,73.0,8.5,car,RECOGNISE,0,14200.0,rf-detr-small-512-coco + yolo-v9-s-608-license-plate-end2end + cct-xs-v2-global-model,anpr.worker
2026-09-27T04:17:10.413232+00:00,cam06,06 Timbavadi gate-Junagadh,,,,GJ11S9258,True,True,False,1.0,5,4,133.0,20.5,car,RECOGNISE,0,16080.0,rf-detr-small-512-coco + yolo-v9-s-608-license-plate-end2end + cct-xs-v2-global-model,anpr.worker
2026-09-27T04:17:11.893232+00:00,cam06,06 Timbavadi gate-Junagadh,,,,W100AWJ,False,False,False,0.575,9,0,52.0,5.5,motorcycle,RECOGNISE,0,17560.0,rf-detr-small-512-coco + yolo-v9-s-608-license-plate-end2end + cct-xs-v2-global-model,anpr.worker
2026-09-27T04:17:14.573232+00:00,cam06,06 Timbavadi gate-Junagadh,,,,GJ033E31,False,False,False,0.884,3,0,72.0,9.0,car,RECOGNISE,0,20240.0,rf-detr-small-512-coco + yolo-v9-s-608-license-plate-end2end + cct-xs-v2-global-model,anpr.worker
2026-09-27T04:17:15.013232+00:00,cam06,06 Timbavadi gate-Junagadh,,,,MJHH129,False,False,False,0.453,9,0,77.0,8.5,bicycle,RECOGNISE,0,20680.0,rf-detr-small-512-coco + yolo-v9-s-608-license-plate-end2end + cct-xs-v2-global-model,anpr.worker
2026-09-27T04:17:15.213232+00:00,cam06,06 Timbavadi gate-Junagadh,,,,MTM55,False,False,False,0.389,12,0,49.0,15.5,motorcycle,RECOGNISE,0,20880.0,rf-detr-small-512-coco + yolo-v9-s-608-license-plate-end2end + cct-xs-v2-global-model,anpr.worker
2026-09-27T04:17:16.053232+00:00,cam06,06 Timbavadi gate-Junagadh,,,,MMM144,False,False,False,0.682,4,0,55.0,8.5,motorcycle,RECOGNISE,0,21720.0,rf-detr-small-512-coco + yolo-v9-s-608-license-plate-end2end + cct-xs-v2-global-model,anpr.worker
2026-09-27T04:17:16.253232+00:00,cam06,06 Timbavadi gate-Junagadh,,,,GJ03ME9186,True,True,True,0.919,4,2,109.0,14.0,car,RECOGNISE,0,21920.0,rf-detr-small-512-coco + yolo-v9-s-608-license-plate-end2end + cct-xs-v2-global-model,anpr.worker
2026-09-27T04:17:16.253232+00:00,cam06,06 Timbavadi gate-Junagadh,,,,GJ11BH017,True,True,True,0.758,3,0,76.0,10.0,car,RECOGNISE,0,21920.0,rf-detr-small-512-coco + yolo-v9-s-608-license-plate-end2end + cct-xs-v2-global-model,anpr.worker
2026-09-27T04:17:18.333232+00:00,cam06,06 Timbavadi gate-Junagadh,,,,GJ11BH0417,True,True,False,1.0,2,2,133.0,19.0,car,RECOGNISE,0,24000.0,rf-detr-small-512-coco + yolo-v9-s-608-license-plate-end2end + cct-xs-v2-global-model,anpr.worker
2026-09-27T04:17:19.173232+00:00,cam06,06 Timbavadi gate-Junagadh,,,,GJ12C6689,True,True,False,0.853,2,0,55.0,16.5,motorcycle,RECOGNISE,0,24840.0,rf-detr-small-512-coco + yolo-v9-s-608-license-plate-end2end + cct-xs-v2-global-model,anpr.worker
2026-09-27T04:17:19.173232+00:00,cam06,06 Timbavadi gate-Junagadh,,,,MW11511,False,False,False,0.526,6,0,62.0,10.0,motorcycle,RECOGNISE,0,24840.0,rf-detr-small-512-coco + yolo-v9-s-608-license-plate-end2end + cct-xs-v2-global-model,anpr.worker
2026-09-27T04:17:19.773232+00:00,cam06,06 Timbavadi gate-Junagadh,,,,AM111,False,False,False,1.0,2,1,76.0,12.0,motorcycle,RECOGNISE,0,25440.0,rf-detr-small-512-coco + yolo-v9-s-608-license-plate-end2end + cct-xs-v2-global-model,anpr.worker
2026-09-27T04:17:22.053232+00:00,cam06,06 Timbavadi gate-Junagadh,,,,HHN447,False,False,False,0.675,4,0,71.0,3.5,motorcycle,RECOGNISE,0,27720.0,rf-detr-small-512-coco + yolo-v9-s-608-license-plate-end2end + cct-xs-v2-global-model,anpr.worker
2026-09-27T04:17:23.093232+00:00,cam06,06 Timbavadi gate-Junagadh,,,,94UJW1353,False,False,False,0.725,3,0,58.0,3.0,motorcycle,RECOGNISE,0,28760.0,rf-detr-small-512-coco + yolo-v9-s-608-license-plate-end2end + cct-xs-v2-global-model,anpr.worker
2026-09-27T04:17:23.093232+00:00,cam06,06 Timbavadi gate-Junagadh,,,,AI11111,False,False,False,0.631,11,0,67.0,5.5,motorcycle,RECOGNISE,0,28760.0,rf-detr-small-512-coco + yolo-v9-s-608-license-plate-end2end + cct-xs-v2-global-model,anpr.worker
2026-09-27T04:17:25.173232+00:00,cam06,06 Timbavadi gate-Junagadh,,,,111ELW4553,False,False,False,1.0,1,1,61.0,9.5,car,RECOGNISE,0,30840.0,rf-detr-small-512-coco + yolo-v9-s-608-license-plate-end2end + cct-xs-v2-global-model,anpr.worker
2026-09-27T04:17:29.773232+00:00,cam06,06 Timbavadi gate-Junagadh,,,,GJ18BB5,True,True,True,1.0,3,1,78.0,10.5,car,RECOGNISE,0,35440.0,rf-detr-small-512-coco + yolo-v9-s-608-license-plate-end2end + cct-xs-v2-global-model,anpr.worker
2026-09-27T04:17:32.453232+00:00,cam06,06 Timbavadi gate-Junagadh,,,,LMM1711,False,False,False,0.63,8,0,61.0,6.0,motorcycle,RECOGNISE,0,38120.0,rf-detr-small-512-coco + yolo-v9-s-608-license-plate-end2end + cct-xs-v2-global-model,anpr.worker
2026-09-27T04:17:32.893232+00:00,cam06,06 Timbavadi gate-Junagadh,,,,44B1441,False,False,False,0.495,10,0,60.0,6.0,motorcycle,RECOGNISE,0,38560.0,rf-detr-small-512-coco + yolo-v9-s-608-license-plate-end2end + cct-xs-v2-global-model,anpr.worker
2026-09-27T04:17:33.493232+00:00,cam06,06 Timbavadi gate-Junagadh,,,,WU1101M,False,False,False,0.459,10,0,57.0,5.5,motorcycle,RECOGNISE,0,39160.0,rf-detr-small-512-coco + yolo-v9-s-608-license-plate-end2end + cct-xs-v2-global-model,anpr.worker
2026-09-27T04:17:34.973232+00:00,cam06,06 Timbavadi gate-Junagadh,,,,MJM5NN,False,False,False,0.624,6,0,63.0,10.0,motorcycle,RECOGNISE,0,40640.0,rf-detr-small-512-coco + yolo-v9-s-608-license-plate-end2end + cct-xs-v2-global-model,anpr.worker
2026-09-27T04:17:36.853232+00:00,cam06,06 Timbavadi gate-Junagadh,,,,4H1400,False,False,False,0.431,13,0,46.0,5.0,motorcycle,RECOGNISE,0,42520.0,rf-detr-small-512-coco + yolo-v9-s-608-license-plate-end2end + cct-xs-v2-global-model,anpr.worker
2026-09-27T04:17:37.253232+00:00,cam06,06 Timbavadi gate-Junagadh,,,,T4WW,False,False,False,0.581,9,0,34.0,17.5,motorcycle,RECOGNISE,0,42920.0,rf-detr-small-512-coco + yolo-v9-s-608-license-plate-end2end + cct-xs-v2-global-model,anpr.worker
2026-09-27T04:17:37.893232+00:00,cam06,06 Timbavadi gate-Junagadh,,,,GJ11EC886,True,True,False,0.896,6,1,55.0,18.0,motorcycle,RECOGNISE,0,43560.0,rf-detr-small-512-coco + yolo-v9-s-608-license-plate-end2end + cct-xs-v2-global-model,anpr.worker
2026-09-27T04:17:44.533232+00:00,cam06,06 Timbavadi gate-Junagadh,,,,1117MM,False,False,False,0.459,8,1,42.0,6.0,motorcycle,RECOGNISE,0,50200.0,rf-detr-small-512-coco + yolo-v9-s-608-license-plate-end2end + cct-xs-v2-global-model,anpr.worker
2026-09-27T04:17:48.493232+00:00,cam06,06 Timbavadi gate-Junagadh,,,,GDR1011,False,False,False,0.419,10,0,81.0,8.5,motorcycle,RECOGNISE,0,54160.0,rf-detr-small-512-coco + yolo-v9-s-608-license-plate-end2end + cct-xs-v2-global-model,anpr.worker
2026-09-27T04:17:48.693232+00:00,cam06,06 Timbavadi gate-Junagadh,,,,WM0K171,False,False,False,0.54,10,0,83.0,6.0,motorcycle,RECOGNISE,0,54360.0,rf-detr-small-512-coco + yolo-v9-s-608-license-plate-end2end + cct-xs-v2-global-model,anpr.worker
2026-09-27T04:17:52.453232+00:00,cam06,06 Timbavadi gate-Junagadh,,,,43W3,False,False,False,1.0,4,1,33.0,15.0,motorcycle,RECOGNISE,0,58120.0,rf-detr-small-512-coco + yolo-v9-s-608-license-plate-end2end + cct-xs-v2-global-model,anpr.worker
